row_seq,primary_split_role,us100_bar_close_time,future_return,target_continuous,target_binary_raw,score
222387,research_oos_a,2025-04-03T01:05:00Z,-0.004479796718507512,-1.5345573770491194,1.0,0.9840294555856884
222388,research_oos_a,2025-04-03T01:10:00Z,2.6701742074974888e-05,-0.10329236348975768,1.0,0.99538624933408
222389,research_oos_a,2025-04-03T01:15:00Z,0.0003469327409502121,-0.36655256095006583,1.0,0.9650130105136223
222390,research_oos_a,2025-04-03T01:20:00Z,0.0008156663566243338,0.6349179468997281,1.0,0.9708908998099531
222391,research_oos_a,2025-04-03T01:25:00Z,0.0018790425229677776,1.0740665771120872,1.0,0.9635937014231449
222392,research_oos_a,2025-04-03T01:30:00Z,0.0004137417792178244,0.18670359248829316,0.0,0.6557326653863311
222393,research_oos_a,2025-04-03T01:35:00Z,-0.0012540864540518948,0.006195355032564409,0.0,0.377854802883483
222394,research_oos_a,2025-04-03T01:40:00Z,-0.0005474222553583097,0.3654226684313172,0.0,0.25118288674179257
222395,research_oos_a,2025-04-03T01:45:00Z,-0.0019089074695148867,0.27068316740318554,0.0,0.09173433733149558
222396,research_oos_a,2025-04-03T01:50:00Z,-0.002879579197493265,-0.3893199674746197,1.0,0.052660006264668574
222397,research_oos_a,2025-04-03T01:55:00Z,-0.005001899421755107,-1.1099899091826468,1.0,0.06472057313855673
222398,research_oos_a,2025-04-03T02:00:00Z,-0.0037427263243923203,-1.2670030899656712,1.0,0.02900315486293015
222399,research_oos_a,2025-04-03T02:05:00Z,0.0023401052860170246,0.3009783611316623,0.0,0.08025679399400946
222400,research_oos_a,2025-04-03T02:10:00Z,0.0010680411644425902,-0.22852904473857055,0.0,0.031403601962473854
222401,research_oos_a,2025-04-03T02:15:00Z,0.0014069913115486443,-0.39289978827799754,0.0,0.012265683416587674
222402,research_oos_a,2025-04-03T02:20:00Z,0.005411076112062929,0.7676660013373952,1.0,0.014166712742975474
222403,research_oos_a,2025-04-03T02:25:00Z,0.005433769690405876,0.6419961936984264,1.0,0.014309131829587747
222404,research_oos_a,2025-04-03T02:30:00Z,0.00478941515237552,0.43510043800023934,1.0,0.018679353065138918
222405,research_oos_a,2025-04-03T02:35:00Z,0.006719123024871765,1.3773020310144148,1.0,0.012993139570368087
222406,research_oos_a,2025-04-03T02:40:00Z,0.008449347996967171,1.5488842903597697,1.0,0.007970547425693055
222407,research_oos_a,2025-04-03T02:45:00Z,0.008098547846592918,2.0798502266240217,1.0,0.012767996350707078
222408,research_oos_a,2025-04-03T02:50:00Z,0.008021930889460904,1.9114273312704808,1.0,0.017490510737695343
222409,research_oos_a,2025-04-03T02:55:00Z,0.008306831757339594,2.485245752219782,1.0,0.0177305856864633
222410,research_oos_a,2025-04-03T03:00:00Z,0.0061969604518623544,2.3018411668375705,1.0,0.013159186258868619
222411,research_oos_a,2025-04-03T03:05:00Z,0.005069508295049596,1.741269894265365,1.0,0.011914755902074766
222412,research_oos_a,2025-04-03T03:10:00Z,0.0061480208707305195,1.599991794282732,1.0,0.010398322141005287
222413,research_oos_a,2025-04-03T03:15:00Z,0.005607803291580726,1.403242465742912,1.0,0.01190759383283024
222414,research_oos_a,2025-04-03T03:20:00Z,0.0017870744867742872,0.6931245143893432,0.0,0.012703744662652127
222415,research_oos_a,2025-04-03T03:25:00Z,0.0035321162315877785,0.5027886863376962,0.0,0.009001970517220851
222416,research_oos_a,2025-04-03T03:30:00Z,0.002396835942872988,0.5028693691972312,0.0,0.014778530916231113
222417,research_oos_a,2025-04-03T03:35:00Z,0.0006968848239925496,0.2108064454101123,0.0,0.01984298519509034
222418,research_oos_a,2025-04-03T03:40:00Z,-0.00039052585339449664,-0.549260430480496,0.0,0.01898718621992382
222419,research_oos_a,2025-04-03T03:45:00Z,0.0017045557063877226,0.14564603330822856,0.0,0.016957356931760616
222420,research_oos_a,2025-04-03T03:50:00Z,0.0031965001374096857,0.11959959867956083,0.0,0.022127044774424093
222421,research_oos_a,2025-04-03T03:55:00Z,0.004985098342443095,1.0078563526335127,1.0,0.02332359065991407
222422,research_oos_a,2025-04-03T04:00:00Z,0.004464435193142657,1.5733697935365214,1.0,0.01971015376139924
222423,research_oos_a,2025-04-03T04:05:00Z,0.004440258270863584,1.165444770283445,1.0,0.01968479221680486
222424,research_oos_a,2025-04-03T04:10:00Z,0.002611191700174764,0.729962757521744,1.0,0.023643471372782793
222425,research_oos_a,2025-04-03T04:15:00Z,0.0022189560733589797,0.4514180414563127,0.0,0.022154430118593273
222426,research_oos_a,2025-04-03T04:20:00Z,0.002394610349194748,1.19181796877615,1.0,0.043517391634721875
222427,research_oos_a,2025-04-03T04:25:00Z,0.0012702620021234345,-0.07421338033514058,0.0,0.051390728575641455
222428,research_oos_a,2025-04-03T04:30:00Z,0.003218693109930504,0.5426327498861617,1.0,0.11072137308793152
222429,research_oos_a,2025-04-03T04:35:00Z,0.0026784596682316586,1.346181646278628,1.0,0.15085595013527575
222430,research_oos_a,2025-04-03T04:40:00Z,0.002352021933121451,1.0936908188067995,1.0,0.17432058332514527
222431,research_oos_a,2025-04-03T04:45:00Z,0.0012916049913802574,1.2503391249985178,1.0,0.2156523985828767
222432,research_oos_a,2025-04-03T04:50:00Z,0.0009651493813260803,0.15199555453861913,0.0,0.23146149966069188
222433,research_oos_a,2025-04-03T04:55:00Z,-8.560562545223416e-05,-0.5494324181626156,0.0,0.28334310406910684
222434,research_oos_a,2025-04-03T05:00:00Z,0.0028175542359347716,0.7487008796658974,1.0,0.33707873082068857
222435,research_oos_a,2025-04-03T05:05:00Z,0.0015921243759953185,0.09552043060703208,0.0,0.4117701556367809
222436,research_oos_a,2025-04-03T05:10:00Z,0.0015266755753591266,0.4434339912128322,1.0,0.45118944156902424
222437,research_oos_a,2025-04-03T05:15:00Z,-0.000310854204091493,0.2118042637758586,0.0,0.39966234517363236
222438,research_oos_a,2025-04-03T05:20:00Z,0.0017071061137159393,1.4104465940273927,1.0,0.5922735347486339
222439,research_oos_a,2025-04-03T05:25:00Z,0.0005486913341654631,0.2245194312249864,0.0,0.4733165786674702
222440,research_oos_a,2025-04-03T05:30:00Z,-0.000699767149180297,-0.5774698375129469,1.0,0.4024441717552237
222441,research_oos_a,2025-04-03T05:35:00Z,0.001315551436632978,0.8573129589204151,1.0,0.5113608472767783
222442,research_oos_a,2025-04-03T05:40:00Z,0.0003966367320518138,0.6656898656897334,1.0,0.39815468219107886
222443,research_oos_a,2025-04-03T05:45:00Z,-0.00016560741413262914,1.2122346360098648,1.0,0.5204708127817181
222444,research_oos_a,2025-04-03T05:50:00Z,-0.0006535554048029413,-0.12650304727398898,0.0,0.5125151299831037
222445,research_oos_a,2025-04-03T05:55:00Z,-0.0001125651807885042,0.11571274269888077,0.0,0.4995495513154609
222446,research_oos_a,2025-04-03T06:00:00Z,-0.001490559088928034,-1.3979319546363471,1.0,0.4768061179408936
222447,research_oos_a,2025-04-03T06:05:00Z,-0.00027020979257186273,-1.3885103822826952,1.0,0.43263872773754175
222448,research_oos_a,2025-04-03T06:10:00Z,0.0001584012874855656,-1.0780648401316815,1.0,0.4596818094959245
222449,research_oos_a,2025-04-03T06:15:00Z,0.002267614467464707,1.0381784703021602,1.0,0.6297546423887374
222450,research_oos_a,2025-04-03T06:20:00Z,0.001241817873405493,0.28426758269954056,1.0,0.5352353825722483
222451,research_oos_a,2025-04-03T06:25:00Z,0.0012415390434972196,0.05763022868606105,1.0,0.40172883839089946
222452,research_oos_a,2025-04-03T06:30:00Z,0.0002378231885007409,0.4192745192058437,1.0,0.43739130629710643
222453,research_oos_a,2025-04-03T06:35:00Z,0.0012086960610135922,-0.01732377886576164,1.0,0.5161949096309278
222454,research_oos_a,2025-04-03T06:40:00Z,0.0018438938724889553,0.7086416306016289,1.0,0.5066846622318847
222455,research_oos_a,2025-04-03T06:45:00Z,0.002540087072067987,1.972801703821299,1.0,0.6077602474658492
222456,research_oos_a,2025-04-03T06:50:00Z,0.0012884043083565277,1.2181364471021014,1.0,0.5406757544503398
222457,research_oos_a,2025-04-03T06:55:00Z,0.0013017805270967298,1.0105142488669245,1.0,0.5333614921095737
222458,research_oos_a,2025-04-03T07:00:00Z,0.0009442850673497816,1.1259148057796924,1.0,0.4911259914065594
222459,research_oos_a,2025-04-03T07:05:00Z,0.0002570854220425023,0.036689169357205564,0.0,0.6178017888663238
222460,research_oos_a,2025-04-03T07:10:00Z,0.00032995041769079414,0.0894557612530168,0.0,0.5284863538794506
222461,research_oos_a,2025-04-03T07:15:00Z,-0.00021791182432806533,-0.7286911442735151,1.0,0.6249821645804399
222462,research_oos_a,2025-04-03T07:20:00Z,-0.0012798610044559844,-0.4228787868993613,0.0,0.5474981104849337
222463,research_oos_a,2025-04-03T07:25:00Z,-0.002236220439202463,-1.1083766101937425,1.0,0.5638279965105151
222464,research_oos_a,2025-04-03T07:30:00Z,-0.0013013760876501301,0.23146859201945624,1.0,0.7261152497240982
222465,research_oos_a,2025-04-03T07:35:00Z,-0.0035087959975453886,-2.2027454836927083,1.0,0.7442001229937082
222466,research_oos_a,2025-04-03T07:40:00Z,-0.0031860493463004014,-2.2075169182715593,1.0,0.6292381732158712
222467,research_oos_a,2025-04-03T07:45:00Z,-0.0020321995419368966,-1.8089220430675632,1.0,0.6196634533786977
222468,research_oos_a,2025-04-03T07:50:00Z,-0.003200762015793779,-1.8043843404109707,1.0,0.6987978011110815
222469,research_oos_a,2025-04-03T07:55:00Z,-0.0033454966964669985,-2.2230600703112273,1.0,0.7179396310472125
222470,research_oos_a,2025-04-03T08:00:00Z,-0.004229700394462466,-2.2420427500611844,1.0,0.6313929775896743
222471,research_oos_a,2025-04-03T08:05:00Z,-0.004195695691205259,-3.2507121218973034,1.0,0.731273962430494
222472,research_oos_a,2025-04-03T08:10:00Z,-0.003258834872857941,-3.514983496327962,1.0,0.8178222152754725
222473,research_oos_a,2025-04-03T08:15:00Z,-0.003238780504409733,-3.849591549948389,1.0,0.7691284785402633
222474,research_oos_a,2025-04-03T08:20:00Z,-0.0016582889079600482,-2.791493606177892,1.0,0.8553891119458328
222475,research_oos_a,2025-04-03T08:25:00Z,-0.0010841260674675501,-1.8993249758922182,1.0,0.8678086437147448
222476,research_oos_a,2025-04-03T08:30:00Z,0.00012591599921463192,-1.311723970356189,1.0,0.8764050781752754
222477,research_oos_a,2025-04-03T08:35:00Z,0.00033728920086839587,-0.0980280033329528,1.0,0.9141085522003115
222478,research_oos_a,2025-04-03T08:40:00Z,0.000621989636329312,-0.5034039365478706,1.0,0.8766287072408437
222479,research_oos_a,2025-04-03T08:45:00Z,-0.000244360534398691,-1.7304639527889667,1.0,0.8991895779454354
222480,research_oos_a,2025-04-03T08:50:00Z,0.0017877366036289644,0.14535001090125177,1.0,0.961295043757215
222481,research_oos_a,2025-04-03T08:55:00Z,0.0012382497355873934,0.00038988254767824415,1.0,0.9259450422736983
222482,research_oos_a,2025-04-03T09:00:00Z,0.00023168127442740882,1.5259785542583926,1.0,0.9441126965350739
222483,research_oos_a,2025-04-03T09:05:00Z,0.0010006100117179173,1.278265410149838,1.0,0.9556643766577022
222484,research_oos_a,2025-04-03T09:10:00Z,0.0008540383358905945,-0.17378480708538158,1.0,0.9561594513989145
222485,research_oos_a,2025-04-03T09:15:00Z,-0.0013633629690498195,-0.20545510675745327,1.0,0.9382592003354665
222486,research_oos_a,2025-04-03T09:20:00Z,-0.002143794060261217,-0.7380980668376311,1.0,0.9473314086184108
222487,research_oos_a,2025-04-03T09:25:00Z,0.0014495408375569951,-0.32953430958108787,1.0,0.972112018136085
222488,research_oos_a,2025-04-03T09:30:00Z,0.0006411385605171738,-0.653709113628967,1.0,0.9466743936843076
222489,research_oos_a,2025-04-03T09:35:00Z,0.0004171024717025684,0.2904622069830731,1.0,0.9585959297112425
222490,research_oos_a,2025-04-03T09:40:00Z,-0.0013754619700635518,-0.5624683180697934,1.0,0.9533550036573817
222491,research_oos_a,2025-04-03T09:45:00Z,-0.00019839306904556597,-0.4948832149048714,1.0,0.9521990637537623
222492,research_oos_a,2025-04-03T09:50:00Z,-0.0010776015909162995,-1.3539488471885435,1.0,0.9605490740980738
222493,research_oos_a,2025-04-03T09:55:00Z,-0.0008399951970046171,-0.7445712623418317,1.0,0.9486792617968712
222494,research_oos_a,2025-04-03T10:00:00Z,0.0026369504873455796,2.3811151535662116,1.0,0.982230077719632
222495,research_oos_a,2025-04-03T10:05:00Z,0.002508025204144504,0.6674854717060004,1.0,0.9825338951222855
222496,research_oos_a,2025-04-03T10:10:00Z,0.001415129025380768,-0.5338932117413224,1.0,0.9800370339304767
222497,research_oos_a,2025-04-03T10:15:00Z,0.0041815626330432565,2.927543396617782,1.0,0.9845464158607613
222498,research_oos_a,2025-04-03T10:20:00Z,0.0054903550111291555,4.0855851203291556,1.0,0.9795468836789786
222499,research_oos_a,2025-04-03T10:25:00Z,0.001830185048519617,-0.11842165009289451,1.0,0.9875145302767453
222500,research_oos_a,2025-04-03T10:30:00Z,0.002359379551374108,0.1251965511331039,1.0,0.979062420194722
222501,research_oos_a,2025-04-03T10:35:00Z,0.003703680188273939,2.1506468060473525,1.0,0.9777523837738262
222502,research_oos_a,2025-04-03T10:40:00Z,0.005628620196072021,3.7872688305087854,1.0,0.9822421681140195
222503,research_oos_a,2025-04-03T10:45:00Z,0.003273870628401232,2.2991037019093308,1.0,0.9772425375865229
222504,research_oos_a,2025-04-03T10:50:00Z,0.003645989649581516,2.7393935823992885,1.0,0.97336950904878
222505,research_oos_a,2025-04-03T10:55:00Z,0.0037588034087581157,3.6394392578067056,1.0,0.9762857682044944
222506,research_oos_a,2025-04-03T11:00:00Z,0.0030132838238465798,2.0091637864475276,1.0,0.9716811173565406
222507,research_oos_a,2025-04-03T11:05:00Z,0.0024954131928931478,1.3136431377861255,1.0,0.9798665184809519
222508,research_oos_a,2025-04-03T11:10:00Z,0.0009044027296905011,1.792575928009104,1.0,0.9754203731386788
222509,research_oos_a,2025-04-03T11:15:00Z,-0.000890696210819053,1.3231840476670569,1.0,0.973364898843462
222510,research_oos_a,2025-04-03T11:20:00Z,-0.0012197476726139023,0.1289732829184329,1.0,0.9657041713913418
222511,research_oos_a,2025-04-03T11:25:00Z,-0.001721304814482294,0.25177363471365855,1.0,0.9582600934553505
222512,research_oos_a,2025-04-03T11:30:00Z,-0.0033358613800603676,-1.0008512051818876,1.0,0.94533497282711
222513,research_oos_a,2025-04-03T11:35:00Z,-0.003703192178014736,-1.6352365234997208,1.0,0.9630917751294239
222514,research_oos_a,2025-04-03T11:40:00Z,-0.0028378037390317523,-2.4665307719234177,1.0,0.9525770783337929
222515,research_oos_a,2025-04-03T11:45:00Z,-0.0023866046342851943,-0.9392563271835923,1.0,0.9620390158538188
222516,research_oos_a,2025-04-03T11:50:00Z,-0.004964434648831895,-2.3230793222452615,1.0,0.9545669866677569
222517,research_oos_a,2025-04-03T11:55:00Z,-0.0057684629580502245,-2.636617422312872,1.0,0.9484721545926035
222518,research_oos_a,2025-04-03T12:00:00Z,-0.00629834440506738,-3.5898129970720785,1.0,0.9512281324092586
222519,research_oos_a,2025-04-03T12:05:00Z,-0.006585189434827443,-4.456216475223269,1.0,0.9524458743922956
222520,research_oos_a,2025-04-03T12:10:00Z,-0.00444667525917386,-3.617784587747415,1.0,0.9683593614520479
222521,research_oos_a,2025-04-03T12:15:00Z,-0.0059186075207534605,-3.169394306162091,1.0,0.9561383818122715
222522,research_oos_a,2025-04-03T12:20:00Z,-0.00584366261313074,-3.9808622558219313,1.0,0.952170253678079
222523,research_oos_a,2025-04-03T12:25:00Z,-0.004658496721661409,-3.473043604670365,1.0,0.9510079826674674
222524,research_oos_a,2025-04-03T12:30:00Z,-0.004623923858187551,-2.1493197771661077,1.0,0.9591946011516906
222525,research_oos_a,2025-04-03T12:35:00Z,-0.0037434119917226782,-2.3362024708808056,1.0,0.9383204324440714
222526,research_oos_a,2025-04-03T12:40:00Z,-0.005718702190064873,-4.16875809050801,1.0,0.9497931102071947
222527,research_oos_a,2025-04-03T12:45:00Z,-0.004024374641153017,-3.774994524203196,1.0,0.9406653907379268
222528,research_oos_a,2025-04-03T12:50:00Z,-0.0044125270184461884,-2.524722703467129,1.0,0.9853775677165263
222529,research_oos_a,2025-04-03T12:55:00Z,-0.002089055956780106,-1.9700766362470243,1.0,0.9698892767164484
222530,research_oos_a,2025-04-03T13:00:00Z,-0.0022075195690617333,-2.257921730257146,1.0,0.9686463684854015
222531,research_oos_a,2025-04-03T13:05:00Z,-0.002969721042435758,-2.4806888134509837,1.0,0.958174398355398
222532,research_oos_a,2025-04-03T13:10:00Z,-0.002484825704347715,-2.8530589215187585,1.0,0.9675047658301156
222533,research_oos_a,2025-04-03T13:15:00Z,0.0020131441782285098,0.07864932885906084,1.0,0.9894040363388426
222534,research_oos_a,2025-04-03T13:20:00Z,-0.0002454706155203823,-0.5245319476723065,1.0,0.9759663088788385
222535,research_oos_a,2025-04-03T13:25:00Z,-0.0009293685232971693,-1.0889926530613887,1.0,0.9802169049776445
222536,research_oos_a,2025-04-03T13:30:00Z,2.0202030941884885e-05,0.16344286491089188,1.0,0.9795299199382007
222537,research_oos_a,2025-04-03T13:35:00Z,-0.0025295924610388987,-1.0185643643939752,1.0,0.9748725680188711
222538,research_oos_a,2025-04-03T13:40:00Z,-0.0006375900795234646,-0.5085039582410402,1.0,0.9685545845555119
222539,research_oos_a,2025-04-03T13:45:00Z,-0.0010483782782391149,-1.5855169128156263,1.0,0.9704161354328863
222540,research_oos_a,2025-04-03T13:50:00Z,0.0014709726467230233,1.7475269489140752,1.0,0.9881538050620846
222541,research_oos_a,2025-04-03T13:55:00Z,-6.644963330437736e-05,0.3885597321807609,1.0,0.9827644462694214
222542,research_oos_a,2025-04-03T14:00:00Z,-0.00019296070830920886,0.3431654269133124,1.0,0.9673484569530371
222543,research_oos_a,2025-04-03T14:05:00Z,0.000784533154903011,1.0235365729937302,1.0,0.9790671245393264
222544,research_oos_a,2025-04-03T14:10:00Z,0.0014812161385062694,0.13401054144713354,1.0,0.978986425130303
222545,research_oos_a,2025-04-03T14:15:00Z,0.0007761586143524291,-1.1845172137098356,1.0,0.9769146378735475
222546,research_oos_a,2025-04-03T14:20:00Z,0.001029422784522449,0.8218948650604949,1.0,0.9767561143522645
222547,research_oos_a,2025-04-03T14:25:00Z,-1.3289043608755158e-05,1.096639732809124,1.0,0.9652851152262911
222548,research_oos_a,2025-04-03T14:30:00Z,-0.0007442703147253482,1.2359304214601576,1.0,0.9696659305316977
222549,research_oos_a,2025-04-03T14:35:00Z,-0.0002262866258214702,2.8106384520616756,1.0,0.9753421203014895
222550,research_oos_a,2025-04-03T14:40:00Z,-0.0027513614587160173,0.3105849034339814,1.0,0.977450731989799
222551,research_oos_a,2025-04-03T14:45:00Z,-0.004290905883296947,-1.0438923724104276,1.0,0.9635477961827816
222552,research_oos_a,2025-04-03T14:50:00Z,-0.006153275296739369,-1.7008410912381704,1.0,0.9564335512975979
222553,research_oos_a,2025-04-03T14:55:00Z,-0.005615101337108741,-1.6317217464961145,1.0,0.9508880279757458
222554,research_oos_a,2025-04-03T15:00:00Z,-0.00729723651393599,-2.2495429373890583,1.0,0.9615440885605564
222555,research_oos_a,2025-04-03T15:05:00Z,-0.0068161018381418526,-3.194633016532248,1.0,0.9658904077347853
222556,research_oos_a,2025-04-03T15:10:00Z,-0.007416354401440506,-4.973877812133516,1.0,0.9565811382878768
222557,research_oos_a,2025-04-03T15:15:00Z,-0.008581484075112722,-6.783933793542423,1.0,0.9670703308689187
222558,research_oos_a,2025-04-03T15:20:00Z,-0.007180498350476294,-5.637308436392071,1.0,0.9607077745008256
222559,research_oos_a,2025-04-03T15:25:00Z,-0.006764213086798754,-4.8164911612263595,1.0,0.9652896605195814
222560,research_oos_a,2025-04-03T15:30:00Z,-0.0028196933769658594,-4.120998255209811,1.0,0.9567864844680567
222561,research_oos_a,2025-04-03T15:35:00Z,0.005077956078741952,-0.8405483875168125,1.0,0.9729559195269822
222562,research_oos_a,2025-04-03T15:40:00Z,0.006449284325098947,0.9231065394414988,1.0,0.9799674501315065
222563,research_oos_a,2025-04-03T15:45:00Z,0.0039342260589643185,2.0737576751460285,1.0,0.9844683336918294
222564,research_oos_a,2025-04-03T15:50:00Z,0.004197295908024312,4.593649447507088,1.0,0.9892930362510572
222565,research_oos_a,2025-04-03T15:55:00Z,0.006681326342453664,3.9849977937933594,1.0,0.9852005221100641
222566,research_oos_a,2025-04-03T16:00:00Z,0.007671156280996794,5.89121705482954,1.0,0.9854897864276803
222567,research_oos_a,2025-04-03T16:05:00Z,0.002640804088724469,5.254400154518385,1.0,0.9802264039477704
222568,research_oos_a,2025-04-03T16:10:00Z,0.0013954428365663407,4.705067878197774,1.0,0.9802969192644355
222569,research_oos_a,2025-04-03T16:15:00Z,0.001208427552362057,4.791602257612194,1.0,0.9692838711521237
222570,research_oos_a,2025-04-03T16:20:00Z,0.0005133555323950656,4.847009793706973,1.0,0.9662625894938545
222571,research_oos_a,2025-04-03T16:25:00Z,0.00030666326286499235,5.717665117773413,1.0,0.9634228150610956
222572,research_oos_a,2025-04-03T16:30:00Z,-8.002829800513034e-06,2.316527291023415,1.0,0.9802352214998232
222573,research_oos_a,2025-04-03T16:35:00Z,-0.008358683148417922,-4.512547209850784,1.0,0.9911117264827396
222574,research_oos_a,2025-04-03T16:40:00Z,-0.00995863458644386,-5.118688545157083,1.0,0.9825742400717068
222575,research_oos_a,2025-04-03T16:45:00Z,-0.007216200010206286,-2.418019358145758,1.0,0.9919142854948463
222576,research_oos_a,2025-04-03T16:50:00Z,-0.008748876095673541,-1.774072597534281,1.0,0.9861789310247916
222577,research_oos_a,2025-04-03T16:55:00Z,-0.01192288205534553,-5.094502587246582,1.0,0.9906891070254991
222578,research_oos_a,2025-04-03T17:00:00Z,-0.01208537896629569,-5.118743045186079,1.0,0.9892323704897442
222579,research_oos_a,2025-04-03T17:05:00Z,-0.007191714291203799,-2.665343587199186,1.0,0.9960652935478678
222580,research_oos_a,2025-04-03T17:10:00Z,-0.00873579272433711,-3.155729676787423,1.0,0.9919366555371418
222581,research_oos_a,2025-04-03T17:15:00Z,-0.0056807652397194985,-2.9425396333402816,1.0,0.9889562961589462
222582,research_oos_a,2025-04-03T17:20:00Z,-0.002979675672324378,-2.285384160569738,1.0,0.9900883147060939
222583,research_oos_a,2025-04-03T17:25:00Z,-0.0021802263369201658,-1.4448768652846298,1.0,0.9901911314586375
222584,research_oos_a,2025-04-03T17:30:00Z,-0.005422227344074382,-3.773668240500694,1.0,0.9922792686795613
222585,research_oos_a,2025-04-03T17:35:00Z,-0.001195308108431492,-3.4863303812090547,1.0,0.9827160182123517
222586,research_oos_a,2025-04-03T17:40:00Z,0.0015318278296145849,-2.440706133878028,1.0,0.9749512254856936
222587,research_oos_a,2025-04-03T17:45:00Z,0.0029251304743123097,-1.1853659165202208,1.0,0.972870154579663
222588,research_oos_a,2025-04-03T17:50:00Z,0.004970555503909457,1.5494263093996796,1.0,0.9859544387453619
222589,research_oos_a,2025-04-03T17:55:00Z,0.005852240599757863,1.7529792846280572,1.0,0.9497277640745536
222590,research_oos_a,2025-04-03T18:00:00Z,0.006355486523172749,2.4582171754947124,1.0,0.9539351695334123
222591,research_oos_a,2025-04-03T18:05:00Z,0.006404119107046524,1.9036163995470972,1.0,0.9110076928739866
222592,research_oos_a,2025-04-03T18:10:00Z,0.007352061970611112,3.8023865508179537,1.0,0.9517167660540252
222593,research_oos_a,2025-04-03T18:15:00Z,0.007976057861600161,3.0954949893839263,1.0,0.9464964959658397
222594,research_oos_a,2025-04-03T18:20:00Z,0.0073243009401566805,2.0063600301609723,1.0,0.8904530227469075
222595,research_oos_a,2025-04-03T18:25:00Z,0.007412880556912471,2.703010333982314,1.0,0.8705691730163382
222596,research_oos_a,2025-04-03T18:30:00Z,0.007999854089699499,3.0043365134432163,1.0,0.8529098261722512
222597,research_oos_a,2025-04-03T18:35:00Z,0.0016049243358422505,1.4812036322630044,1.0,0.8582741893362591
222598,research_oos_a,2025-04-03T18:40:00Z,0.0004337903446389735,0.4794394940398843,1.0,0.8241929649280355
222599,research_oos_a,2025-04-03T18:45:00Z,0.0003133889140405355,0.027823597149132517,1.0,0.7372540742725646
222600,research_oos_a,2025-04-03T18:50:00Z,0.0028809614326528177,1.0799012005284632,1.0,0.8383026410009778
222601,research_oos_a,2025-04-03T18:55:00Z,-0.0010623221892814838,1.324031593666114,1.0,0.8101646173826156
222602,research_oos_a,2025-04-03T19:00:00Z,-0.000534610124874213,1.3786390970939686,1.0,0.7811069224937087
222603,research_oos_a,2025-04-03T19:05:00Z,-0.001095014106986647,0.7954374838933584,1.0,0.7955741785921334
222604,research_oos_a,2025-04-03T19:10:00Z,-0.0004678463881189199,1.4492777285090184,1.0,0.7961224305668521
222605,research_oos_a,2025-04-03T19:15:00Z,-0.0033037206288578647,-0.8205143244680061,1.0,0.780101477105735
222606,research_oos_a,2025-04-03T19:20:00Z,-0.005381840320111242,-1.6688131802267556,1.0,0.6084816174109761
222607,research_oos_a,2025-04-03T19:25:00Z,-0.006453511828156122,-2.2001526544713883,1.0,0.5710153837410616
222608,research_oos_a,2025-04-03T19:30:00Z,-0.0067921825241396006,-2.266077280915658,1.0,0.6405187652201291
222609,research_oos_a,2025-04-03T19:35:00Z,-0.002203234936415943,-0.3011444514035362,1.0,0.8348920476816356
222610,research_oos_a,2025-04-03T19:40:00Z,-0.0015549873870871478,-0.45273138924754064,1.0,0.5573813841469267
222611,research_oos_a,2025-04-03T19:45:00Z,-0.001414344872786355,-1.2271441834654675,1.0,0.70421264896005
222612,research_oos_a,2025-04-03T19:50:00Z,-0.0039720686266826455,-1.895187654356257,1.0,0.5776810906844554
222613,research_oos_a,2025-04-03T19:55:00Z,-0.0012437252057362347,-0.09136084272010858,0.0,0.7491781166803678
222614,research_oos_a,2025-04-03T20:00:00Z,-0.0032698197721129363,-0.327085426061699,1.0,0.5260985948269827
222615,research_oos_a,2025-04-03T20:05:00Z,-0.0036030698283274765,-0.5515098830001005,1.0,0.5195340117663514
222616,research_oos_a,2025-04-03T20:10:00Z,-0.00347705704031831,-0.814559343290408,1.0,0.5282186929075995
222617,research_oos_a,2025-04-03T20:15:00Z,-0.005834356248048622,-1.6459806287676995,1.0,0.43589190729925664
222618,research_oos_a,2025-04-03T20:20:00Z,-0.005116148666869269,-1.309788328850428,1.0,0.3978134750201594
222619,research_oos_a,2025-04-03T20:25:00Z,-0.0038908296311613855,-0.5444402189651485,1.0,0.552277191622802
222620,research_oos_a,2025-04-03T20:30:00Z,-0.0034024376456417427,-0.42180459937439463,1.0,0.35073973515970097
222621,research_oos_a,2025-04-03T20:35:00Z,-0.004536641611200931,-1.1959310301475206,1.0,0.34580661398097623
222622,research_oos_a,2025-04-03T20:40:00Z,-0.0035565833695231364,-1.8122268442946858,1.0,0.3734273413377153
222623,research_oos_a,2025-04-03T20:45:00Z,-0.002645631314440511,-2.3199548815253586,1.0,0.31456848596328385
222624,research_oos_a,2025-04-03T20:50:00Z,-0.0008966103845147178,-1.8682735034781413,1.0,0.4206280884573488
222625,research_oos_a,2025-04-03T20:55:00Z,-0.0005489917565539848,-1.6072398190044892,1.0,0.3452951520948999
222626,research_oos_a,2025-04-03T21:00:00Z,0.0019791682877994266,-0.21371361435773029,1.0,0.4479895227508033
222627,research_oos_a,2025-04-03T21:05:00Z,0.0012681569702479578,-0.18956541280161765,1.0,0.40087955197045544
222628,research_oos_a,2025-04-03T21:10:00Z,0.001060176703274518,-0.015212531745595781,1.0,0.3601925611351901
222629,research_oos_a,2025-04-03T21:15:00Z,0.002359699262029391,1.34401710308089,1.0,0.4615533415757456
222630,research_oos_a,2025-04-03T21:20:00Z,-0.0010825944836622137,0.8143980069584658,1.0,0.3860377722468122
222631,research_oos_a,2025-04-03T21:25:00Z,-0.0014450633902574062,0.8116286581820968,1.0,0.39584793402120055
222632,research_oos_a,2025-04-03T21:30:00Z,-0.0028495251777055364,0.4729671107963793,1.0,0.30674684820314985
222633,research_oos_a,2025-04-03T21:35:00Z,-0.003757702402660379,0.1484197274554413,1.0,0.5278153815996548
222634,research_oos_a,2025-04-03T21:40:00Z,-0.005065690813591428,-1.4360976299089891,1.0,0.4131787616572703
222635,research_oos_a,2025-04-03T21:45:00Z,-0.004628471018333191,-2.6980456286605228,1.0,0.342179771542883
222636,research_oos_a,2025-04-03T21:50:00Z,-0.007768667303875931,-2.930647658686998,1.0,0.3493708171710921
222637,research_oos_a,2025-04-03T21:55:00Z,-0.006222823378352116,-3.010772503692448,1.0,0.3347285679432132
222638,research_oos_a,2025-04-03T22:00:00Z,-0.008790652012187983,-3.7896851430407206,1.0,0.3353996316868736
222639,research_oos_a,2025-04-03T22:05:00Z,-0.007562857205644979,-3.181958044489505,1.0,0.358166079884546
222640,research_oos_a,2025-04-03T22:10:00Z,-0.006654612220034495,-3.336259619093131,1.0,0.38690450136514604
222641,research_oos_a,2025-04-03T22:15:00Z,-0.006832275810417454,-3.4191003700386347,1.0,0.4462267338660662
222642,research_oos_a,2025-04-03T22:20:00Z,-0.004440056013511384,-1.4592159211313938,1.0,0.8053876863977335
222643,research_oos_a,2025-04-03T22:25:00Z,-0.004240211509699443,-1.425854199960399,1.0,0.6189797389123064
222644,research_oos_a,2025-04-03T22:30:00Z,-0.005727198369080311,-1.6184452717383877,1.0,0.644887219194269
222645,research_oos_a,2025-04-03T22:35:00Z,-0.0036282985697854153,-0.8193280850704812,1.0,0.5856261189037062
222646,research_oos_a,2025-04-03T22:40:00Z,-0.004745684809277173,-1.3006539989059882,1.0,0.48700656223364575
222647,research_oos_a,2025-04-03T22:45:00Z,-0.006055705165546654,-2.990041140587322,1.0,0.5170225703323356
222648,research_oos_a,2025-04-03T22:50:00Z,-0.0033197046175643674,-1.2025189273332106,1.0,0.6790566356556169
222649,research_oos_a,2025-04-03T22:55:00Z,-0.004191602558640928,-2.398749230113234,1.0,0.5651972397286318
222650,research_oos_a,2025-04-03T23:00:00Z,-0.0020921994246452247,-1.105980371390182,1.0,0.6801352660832563
222651,research_oos_a,2025-04-03T23:05:00Z,-0.00011611660699706317,-1.531146760603496,1.0,0.4451370213725147
222652,research_oos_a,2025-04-03T23:10:00Z,-0.0018974748199961367,-1.962781245463671,1.0,0.33167346140626663
222653,research_oos_a,2025-04-03T23:15:00Z,-0.0019868064813753916,-1.636480321580732,1.0,0.38304113251618116
222654,research_oos_a,2025-04-03T23:20:00Z,-0.0014752628487930686,-0.6633901453348596,1.0,0.2878176754384604
222655,research_oos_a,2025-04-03T23:25:00Z,-0.002496113850916859,-0.6647383003988905,1.0,0.20740433181119264
222656,research_oos_a,2025-04-03T23:30:00Z,0.00036441785061813725,1.3652723834313893,1.0,0.44863857149442105
222657,research_oos_a,2025-04-03T23:35:00Z,-0.0005769427667356997,0.44628844032146286,1.0,0.427370028330598
222658,research_oos_a,2025-04-03T23:40:00Z,0.00023578679886648857,0.9725646867880899,1.0,0.27756470702671765
222659,research_oos_a,2025-04-03T23:45:00Z,0.00020853939011167277,0.3370578667035016,1.0,0.1780175648000443
222660,research_oos_a,2025-04-03T23:50:00Z,0.00012081325196766635,0.5239144523655026,1.0,0.15582688350327945
222661,research_oos_a,2025-04-03T23:55:00Z,-0.0007727510750554778,0.0989624722834832,1.0,0.13104233602211562
222662,research_oos_a,2025-04-04T00:00:00Z,-8.93431491671981e-05,0.01213333183550902,1.0,0.1712001593809997
222663,research_oos_a,2025-04-04T01:05:00Z,-0.0033218607605602912,-2.5505280128530705,1.0,0.15421715434231265
222664,research_oos_a,2025-04-04T01:10:00Z,-0.001791830701475039,-1.868223968764239,1.0,0.23984371730363285
222665,research_oos_a,2025-04-04T01:15:00Z,-0.0007507304331070275,-1.1208495414406783,1.0,0.2038280090278378
222666,research_oos_a,2025-04-04T01:20:00Z,-0.000724098451393318,-1.0070044666988884,1.0,0.26308488335312935
222667,research_oos_a,2025-04-04T01:25:00Z,0.0011592731823459879,0.18403992620825427,0.0,0.4030199596133205
222668,research_oos_a,2025-04-04T01:30:00Z,0.0019786318600927277,0.8371353152053007,1.0,0.3154557697608442
222669,research_oos_a,2025-04-04T01:35:00Z,0.0023985403865416366,1.0325221213213571,1.0,0.20856408191708353
222670,research_oos_a,2025-04-04T01:40:00Z,0.0022012418428869474,0.8548367155901786,1.0,0.17317291922808298
222671,research_oos_a,2025-04-04T01:45:00Z,0.001259098680302051,0.1568971756373353,0.0,0.1507120623378846
222672,research_oos_a,2025-04-04T01:50:00Z,0.002600150483709207,0.7789252454976747,1.0,0.1497686202917215
222673,research_oos_a,2025-04-04T01:55:00Z,0.002133618610660415,1.265453749688442,1.0,0.17058974156185136
222674,research_oos_a,2025-04-04T02:00:00Z,0.0005750963773800688,0.4387455280854403,1.0,0.18643798498984068
222675,research_oos_a,2025-04-04T02:05:00Z,0.004165894401865877,1.9524581373993244,1.0,0.23454244713068292
222676,research_oos_a,2025-04-04T02:10:00Z,0.0030005949175189173,1.8406510500408855,1.0,0.16678829237792317
222677,research_oos_a,2025-04-04T02:15:00Z,0.0027625102443087357,1.5597332630072045,1.0,0.15965320340316055
222678,research_oos_a,2025-04-04T02:20:00Z,0.0033467075172741723,2.210364406296893,1.0,0.15922225975455573
222679,research_oos_a,2025-04-04T02:25:00Z,0.0021934611028939788,2.197900379718576,1.0,0.26754413149488865
222680,research_oos_a,2025-04-04T02:30:00Z,0.0020223344058163395,1.2690007666752248,1.0,0.25067376521870305
222681,research_oos_a,2025-04-04T02:35:00Z,0.0005542646746303781,0.7148095724019609,1.0,0.21988980208214118
222682,research_oos_a,2025-04-04T02:40:00Z,0.00025035363126324484,0.6791624313885313,1.0,0.2031950397072356
222683,research_oos_a,2025-04-04T02:45:00Z,0.0001487383740679249,1.0271364026942778,1.0,0.2007804312398964
222684,research_oos_a,2025-04-04T02:50:00Z,-0.0016208795216460237,-0.660081543440835,1.0,0.32313369335381503
222685,research_oos_a,2025-04-04T02:55:00Z,-6.759829738811618e-05,0.47806810412279654,1.0,0.33740589866838255
222686,research_oos_a,2025-04-04T03:00:00Z,0.0010488664611147946,1.4764017058664534,1.0,0.38209393802202163
222687,research_oos_a,2025-04-04T03:05:00Z,-0.0015920911388525028,-2.055088203021666,1.0,0.5722326711093746
222688,research_oos_a,2025-04-04T03:10:00Z,-0.0009253597180597373,-1.1973936482557854,1.0,0.5000459630673677
222689,research_oos_a,2025-04-04T03:15:00Z,-0.0012964234378232131,-1.267376798373906,1.0,0.4200820232311869
222690,research_oos_a,2025-04-04T03:20:00Z,-0.0011073467324088648,-1.362672193100164,1.0,0.501936053583417
222691,research_oos_a,2025-04-04T03:25:00Z,0.0007630588717211229,-0.7783662183063088,1.0,0.5006135654716103
222692,research_oos_a,2025-04-04T03:30:00Z,-0.0013768177368680412,-2.1993318661832957,1.0,0.5018763011802251
222693,research_oos_a,2025-04-04T03:35:00Z,-0.0011689857224851385,-0.8617359217070859,1.0,0.5768989375672994
222694,research_oos_a,2025-04-04T03:40:00Z,-0.0012638883107630727,-0.5019770869025506,1.0,0.5211534887414482
222695,research_oos_a,2025-04-04T03:45:00Z,-0.0006219043359710907,0.035344026909697845,1.0,0.5656491461460742
222696,research_oos_a,2025-04-04T03:50:00Z,0.0002500206997657628,1.5438947941041912,1.0,0.727810489094648
222697,research_oos_a,2025-04-04T03:55:00Z,-0.001176289889747828,0.27887799087907816,1.0,0.619609708578083
222698,research_oos_a,2025-04-04T04:00:00Z,-0.0018246724915619295,-0.6068341186510311,1.0,0.6521242696295609
222699,research_oos_a,2025-04-04T04:05:00Z,-0.0017162542521212965,-0.8962898921173854,1.0,0.6149630885677031
222700,research_oos_a,2025-04-04T04:10:00Z,-0.00014166304849139166,-0.44364950789885627,1.0,0.614862549184022
222701,research_oos_a,2025-04-04T04:15:00Z,0.0006014559344282855,0.1070430486943792,1.0,0.6069739879164624
222702,research_oos_a,2025-04-04T04:20:00Z,0.0002568647788097067,-0.23351351351356064,1.0,0.5843933357877424
222703,research_oos_a,2025-04-04T04:25:00Z,-0.0020584720542977664,-2.5896962577613354,1.0,0.6445125356960395
222704,research_oos_a,2025-04-04T04:30:00Z,-0.0006423194436260271,-1.436543756564247,1.0,0.7317544475103065
222705,research_oos_a,2025-04-04T04:35:00Z,0.0002234656217350306,-0.18000174420290072,1.0,0.724943478815086
222706,research_oos_a,2025-04-04T04:40:00Z,0.0005753693216108413,0.42949547218633655,1.0,0.6794942623371839
222707,research_oos_a,2025-04-04T04:45:00Z,0.00014231532422193105,-0.041163946060988055,1.0,0.654995379781574
222708,research_oos_a,2025-04-04T04:50:00Z,-0.00031758758952094013,-0.32195893500478423,1.0,0.6980276103515907
222709,research_oos_a,2025-04-04T04:55:00Z,-0.00021658394062562536,1.0299510350511918,1.0,0.7407045168584664
222710,research_oos_a,2025-04-04T05:00:00Z,-0.0002437344009983411,1.6291718645043156,1.0,0.7031170770972498
222711,research_oos_a,2025-04-04T05:05:00Z,-0.002193001455503163,-0.2696925768557372,1.0,0.6688238224022467
222712,research_oos_a,2025-04-04T05:10:00Z,-0.003359836729131649,-2.9480452518880202,1.0,0.7155247702080442
222713,research_oos_a,2025-04-04T05:15:00Z,-0.003554132821321998,-3.7281219975877455,1.0,0.6773602862540341
222714,research_oos_a,2025-04-04T05:20:00Z,-0.0034129914250821125,-3.5999001829978807,1.0,0.6793118397223493
222715,research_oos_a,2025-04-04T05:25:00Z,-0.002732614484371898,-2.1621392460069266,1.0,0.7655140789306546
222716,research_oos_a,2025-04-04T05:30:00Z,-0.0029280026228670764,-2.5326058716548636,1.0,0.7094737786669277
222717,research_oos_a,2025-04-04T05:35:00Z,-0.006011667384337782,-5.740737937968278,1.0,0.7305078786773174
222718,research_oos_a,2025-04-04T05:40:00Z,-0.006052239241966295,-6.1583058496789675,1.0,0.7215205483061375
222719,research_oos_a,2025-04-04T05:45:00Z,-0.0060802738990798355,-6.193582175862877,1.0,0.7352850004243038
222720,research_oos_a,2025-04-04T05:50:00Z,-0.00578441995062029,-6.201668527885538,1.0,0.6864192700313114
222721,research_oos_a,2025-04-04T05:55:00Z,-0.004812996118516488,-6.212567198378304,1.0,0.7383459689647605
222722,research_oos_a,2025-04-04T06:00:00Z,-0.003981965758345085,-5.928641688276829,1.0,0.6960167266621353
222723,research_oos_a,2025-04-04T06:05:00Z,-0.0025435032945612113,-3.7665504069090754,1.0,0.8578564521526958
222724,research_oos_a,2025-04-04T06:10:00Z,-0.0022989890308325878,-4.0362197568354645,1.0,0.817702743861709
222725,research_oos_a,2025-04-04T06:15:00Z,-0.0025968544806724836,-4.46304959978707,1.0,0.8323873576284349
222726,research_oos_a,2025-04-04T06:20:00Z,-0.0031257730348098756,-4.536583745723796,1.0,0.801261562679017
222727,research_oos_a,2025-04-04T06:25:00Z,-0.0036082532961257963,-4.456484930579046,1.0,0.7488952961219458
222728,research_oos_a,2025-04-04T06:30:00Z,-0.0027944373875102846,-4.487142610596534,1.0,0.7410508117869411
222729,research_oos_a,2025-04-04T06:35:00Z,-0.0005507605883994238,-0.3710628318295266,1.0,0.9670006534790647
222730,research_oos_a,2025-04-04T06:40:00Z,-0.0018640632551497616,-0.7818330676088532,1.0,0.875102717696688
222731,research_oos_a,2025-04-04T06:45:00Z,-0.0023744797320027766,-1.2726245429250058,1.0,0.8898212457285727
222732,research_oos_a,2025-04-04T06:50:00Z,-0.002367947463138953,-1.2672207891467824,1.0,0.9142402599503998
222733,research_oos_a,2025-04-04T06:55:00Z,-0.003870868733306887,-2.5922219886483457,1.0,0.9265032835262625
222734,research_oos_a,2025-04-04T07:00:00Z,-0.004215457184009286,-3.747547705409324,1.0,0.9063229035189294
222735,research_oos_a,2025-04-04T07:05:00Z,-0.005018914097408844,-4.1640370236174675,1.0,0.8842981027139436
222736,research_oos_a,2025-04-04T07:10:00Z,-0.002726313081680143,-4.941918772623211,1.0,0.876585627765627
222737,research_oos_a,2025-04-04T07:15:00Z,-0.0031616498884747823,-5.30503085428148,1.0,0.8841306039943141
222738,research_oos_a,2025-04-04T07:20:00Z,-0.0018638218306049614,-4.521858802899013,1.0,0.8821021632660134
222739,research_oos_a,2025-04-04T07:25:00Z,0.0002450517249734663,-3.1537227391925335,1.0,0.9186810478719519
222740,research_oos_a,2025-04-04T07:30:00Z,0.0016868021876192962,-3.278883438187977,1.0,0.9197945121868114
222741,research_oos_a,2025-04-04T07:35:00Z,0.0026818089495639352,-1.1631116687578928,1.0,0.90670846181457
222742,research_oos_a,2025-04-04T07:40:00Z,0.004969031477803032,2.2678078955753542,1.0,0.9481778777463976
222743,research_oos_a,2025-04-04T07:45:00Z,0.0065816469068114,4.305383474391303,1.0,0.9400822602245201
222744,research_oos_a,2025-04-04T07:50:00Z,0.006745843800677109,5.14238075653329,1.0,0.9159760228272891
222745,research_oos_a,2025-04-04T07:55:00Z,0.007573510250707738,7.428012786010146,1.0,0.9479597922562307
222746,research_oos_a,2025-04-04T08:00:00Z,0.008609717914571435,7.309358886405343,1.0,0.9190393313944276
222747,research_oos_a,2025-04-04T08:05:00Z,0.010703611395750823,10.910131852879914,1.0,0.9615859199313068
222748,research_oos_a,2025-04-04T08:10:00Z,0.007600884315827727,7.462263259067864,1.0,0.9606305399243064
222749,research_oos_a,2025-04-04T08:15:00Z,0.00761137155278524,8.487909230091711,1.0,0.9420904497214688
222750,research_oos_a,2025-04-04T08:20:00Z,0.00637172561071675,7.814909596080887,1.0,0.9326718014233091
222751,research_oos_a,2025-04-04T08:25:00Z,0.004682063396227232,6.524969383589561,1.0,0.9422559678122656
222752,research_oos_a,2025-04-04T08:30:00Z,0.003829654782423919,3.687515574383157,1.0,0.9599645876572123
222753,research_oos_a,2025-04-04T08:35:00Z,0.0024574067597422644,3.5045334711811327,1.0,0.9539541603002397
222754,research_oos_a,2025-04-04T08:40:00Z,0.0008138586012917948,3.0962903225805465,1.0,0.960088699434836
222755,research_oos_a,2025-04-04T08:45:00Z,-0.00010136962835827212,1.7596009975062343,1.0,0.9440200944703884
222756,research_oos_a,2025-04-04T08:50:00Z,-0.00016964337493852177,1.46261317982841,1.0,0.953730758612068
222757,research_oos_a,2025-04-04T08:55:00Z,-0.00012904471128150075,2.020366926363359,1.0,0.9504983184833471
222758,research_oos_a,2025-04-04T09:00:00Z,-0.001969689420541876,-0.17982017982017973,1.0,0.9560140023451973
222759,research_oos_a,2025-04-04T09:05:00Z,-0.002096411106488505,-2.4197516435355224,1.0,0.9723120745582421
222760,research_oos_a,2025-04-04T09:10:00Z,-0.0016913175065704777,-1.9476832844575735,1.0,0.9572881012911537
222761,research_oos_a,2025-04-04T09:15:00Z,-0.0003384353133694118,-1.0595461028691178,1.0,0.9573158235733779
222762,research_oos_a,2025-04-04T09:20:00Z,-0.0004805285705926643,-0.2642716252704951,1.0,0.9712622136088062
222763,research_oos_a,2025-04-04T09:25:00Z,0.00010837776370076213,0.18459581112461732,1.0,0.9531771768603338
222764,research_oos_a,2025-04-04T09:30:00Z,-0.001454587171601851,-2.5234813271358485,1.0,0.9645686717388936
222765,research_oos_a,2025-04-04T09:35:00Z,-0.0016728994087970017,-0.9976470588236207,1.0,0.9728715016426872
222766,research_oos_a,2025-04-04T09:40:00Z,-0.00010842623654705452,0.18881683319871823,1.0,0.9679055116900156
222767,research_oos_a,2025-04-04T09:45:00Z,-0.0008809751120464338,-0.20428723756301137,1.0,0.9614338946709208
222768,research_oos_a,2025-04-04T09:50:00Z,-0.0006163490237616198,-0.36618845361571917,1.0,0.9587660847266806
222769,research_oos_a,2025-04-04T09:55:00Z,-0.0009625374982917823,0.20166786145320703,1.0,0.962009544653648
222770,research_oos_a,2025-04-04T10:00:00Z,-0.001092331593453011,0.7231557063529033,1.0,0.9612335731964609
222771,research_oos_a,2025-04-04T10:05:00Z,-0.001511502709103052,-0.8854854039375868,1.0,0.9773826708584125
222772,research_oos_a,2025-04-04T10:10:00Z,-0.0016399690547326262,-1.264714285714373,1.0,0.9791201463246952
222773,research_oos_a,2025-04-04T10:15:00Z,-0.0029521550460996915,-2.554242618011087,1.0,0.9793093359986248
222774,research_oos_a,2025-04-04T10:20:00Z,-0.0007116542736926856,-1.6026634760444054,1.0,0.9795485278574123
222775,research_oos_a,2025-04-04T10:25:00Z,0.0002638712568343582,-2.071302252864216,1.0,0.978237750438928
222776,research_oos_a,2025-04-04T10:30:00Z,8.128940165041953e-05,-1.402894401770886,1.0,0.9820354812759696
222777,research_oos_a,2025-04-04T10:35:00Z,-0.0007119565836719577,0.5696793501496784,1.0,0.9865025711140382
222778,research_oos_a,2025-04-04T10:40:00Z,-0.0008403944540472663,-0.7044458518049812,1.0,0.9823484683282514
222779,research_oos_a,2025-04-04T10:45:00Z,-0.000284873695142851,0.4657703549060135,1.0,0.9866261455678004
222780,research_oos_a,2025-04-04T10:50:00Z,0.00010143214596247674,-0.07561715463645169,1.0,0.9821756282440839
222781,research_oos_a,2025-04-04T10:55:00Z,0.0007398324602443385,0.9570902532502092,1.0,0.9880008705370894
222782,research_oos_a,2025-04-04T11:00:00Z,0.00011570842346464438,2.131203992514077,1.0,0.9862546248151807
222783,research_oos_a,2025-04-04T11:05:00Z,-0.0013574164347294193,0.9416609471517605,1.0,0.9895025893501453
222784,research_oos_a,2025-04-04T11:10:00Z,-0.0004957855512994769,0.8896840171167448,1.0,0.9886364306666984
222785,research_oos_a,2025-04-04T11:15:00Z,-0.0007470150636266215,1.5535778887201384,1.0,0.98347082495831
222786,research_oos_a,2025-04-04T11:20:00Z,-0.0017421640584828202,-0.7661708805854002,1.0,0.9853229448420482
222787,research_oos_a,2025-04-04T11:25:00Z,-0.0032701653879237957,-2.558460324775158,1.0,0.9838189224113322
222788,research_oos_a,2025-04-04T11:30:00Z,-0.004904061917981317,-3.2436765893977086,1.0,0.9819733806108372
222789,research_oos_a,2025-04-04T11:35:00Z,-0.001758352036413946,-1.4215938694983474,1.0,0.9895596442091992
222790,research_oos_a,2025-04-04T11:40:00Z,-0.002007790226077222,-2.3969021377998985,1.0,0.9846612717339208
222791,research_oos_a,2025-04-04T11:45:00Z,-0.001676077414368371,-2.0659533574466398,1.0,0.9862224071178454
222792,research_oos_a,2025-04-04T11:50:00Z,-0.0015864114234639404,-3.047859168880232,1.0,0.983450144576425
222793,research_oos_a,2025-04-04T11:55:00Z,-0.0025698714304931425,-3.399702823179808,1.0,0.9834510106329396
222794,research_oos_a,2025-04-04T12:00:00Z,-0.0008283330083370677,-2.0315054308312805,1.0,0.9894194798905876
222795,research_oos_a,2025-04-04T12:05:00Z,0.0005507727673585983,-0.6444247929897506,1.0,0.9896248307369084
222796,research_oos_a,2025-04-04T12:10:00Z,-0.006410921602578279,-3.608198038189691,1.0,0.9875700193961321
222797,research_oos_a,2025-04-04T12:15:00Z,-0.007978648213109008,-4.956835318544403,1.0,0.9876137982044072
222798,research_oos_a,2025-04-04T12:20:00Z,-0.013094467071490312,-8.370643184301388,1.0,0.9841657492074807
222799,research_oos_a,2025-04-04T12:25:00Z,-0.01782563162788775,-14.388423147892492,1.0,0.9835513311021665
222800,research_oos_a,2025-04-04T12:30:00Z,-0.02373555497590607,-13.267746079206809,1.0,0.990946642148446
222801,research_oos_a,2025-04-04T12:35:00Z,-0.019903071329992028,-14.4414579077518,1.0,0.98998989965071
222802,research_oos_a,2025-04-04T12:40:00Z,-0.01863661029556496,-15.126032968459311,1.0,0.985415849741411
222803,research_oos_a,2025-04-04T12:45:00Z,-0.022379056482624615,-15.223977260461211,1.0,0.9825852751704177
222804,research_oos_a,2025-04-04T12:50:00Z,-0.022924080551525172,-16.201481057489296,1.0,0.981848759504226
222805,research_oos_a,2025-04-04T12:55:00Z,-0.027896596615212932,-16.550525418914987,1.0,0.9853830712691393
222806,research_oos_a,2025-04-04T13:00:00Z,-0.02650851688645206,-17.515341318475947,1.0,0.9762143210956341
222807,research_oos_a,2025-04-04T13:05:00Z,-0.02390331297918169,-18.335658045956492,1.0,0.9846322158013886
222808,research_oos_a,2025-04-04T13:10:00Z,-0.020737540114905362,-13.454041104526482,1.0,0.9989541578036866
222809,research_oos_a,2025-04-04T13:15:00Z,-0.019394292146974967,-11.690575144121173,1.0,0.9972507173685818
222810,research_oos_a,2025-04-04T13:20:00Z,-0.015167597826876822,-8.886703683295941,1.0,0.9992330360337573
222811,research_oos_a,2025-04-04T13:25:00Z,-0.011889907688323764,-5.44922996606635,1.0,0.9999334215325874
222812,research_oos_a,2025-04-04T13:30:00Z,-0.011288663589123504,-1.7936492655664935,1.0,0.9999498328893209
222813,research_oos_a,2025-04-04T13:35:00Z,-0.01400809914346235,-7.091218065036426,1.0,0.9997583266435017
222814,research_oos_a,2025-04-04T13:40:00Z,-0.010831943095453545,-9.023157359976302,1.0,0.9985364428495638
222815,research_oos_a,2025-04-04T13:45:00Z,-0.012804848546865144,-6.800759564976438,1.0,0.9994644311771208
222816,research_oos_a,2025-04-04T13:50:00Z,-0.010041925679075248,-7.080097529345383,1.0,0.9989044263446262
222817,research_oos_a,2025-04-04T13:55:00Z,-0.001300601801039858,-2.5833947870311094,1.0,0.9998454614802436
222818,research_oos_a,2025-04-04T14:00:00Z,0.0024224365199336795,-3.760810419681581,1.0,0.9989833017053776
222819,research_oos_a,2025-04-04T14:05:00Z,-0.0024773710250025616,-5.860072641890114,1.0,0.9986185326779158
222820,research_oos_a,2025-04-04T14:10:00Z,-0.002337951536782845,-3.7763377181696507,1.0,0.9994565462378103
222821,research_oos_a,2025-04-04T14:15:00Z,0.0037653236993508976,-3.1194166408155075,1.0,0.9980436466362997
222822,research_oos_a,2025-04-04T14:20:00Z,0.003172478871570128,-2.207700390214559,1.0,0.996761713145026
222823,research_oos_a,2025-04-04T14:25:00Z,0.00240793970518971,-1.0487897330372715,1.0,0.9936570520700335
222824,research_oos_a,2025-04-04T14:30:00Z,0.014101280990942877,3.685153060847904,1.0,0.9994721469594565
222825,research_oos_a,2025-04-04T14:35:00Z,0.015266539595616857,4.835527799959207,1.0,0.9980772626699237
222826,research_oos_a,2025-04-04T14:40:00Z,0.0032347558977581237,1.7418302021005008,1.0,0.9946649652916201
222827,research_oos_a,2025-04-04T14:45:00Z,0.015280639865879575,5.0172846219201315,1.0,0.9970189774677385
222828,research_oos_a,2025-04-04T14:50:00Z,0.012734492981848256,3.963590942914849,1.0,0.9916686412696818
222829,research_oos_a,2025-04-04T14:55:00Z,0.009284107120952179,3.202070486326633,1.0,0.9704231330323729
222830,research_oos_a,2025-04-04T15:00:00Z,0.004540144627281917,0.16803893772458078,1.0,0.9791473127751827
222831,research_oos_a,2025-04-04T15:05:00Z,0.0087620946205762,1.6538786515147366,1.0,0.9722108378176652
222832,research_oos_a,2025-04-04T15:10:00Z,0.010452247918925295,3.2162976614449446,1.0,0.9840263867129823
222833,research_oos_a,2025-04-04T15:15:00Z,0.0029583080682800134,0.8051133287152961,1.0,0.977516766473441
222834,research_oos_a,2025-04-04T15:20:00Z,0.003642803526559213,1.2146506749851915,1.0,0.9742264019859749
222835,research_oos_a,2025-04-04T15:25:00Z,0.005705398537143136,2.459753067452956,1.0,0.9738286470608588
222836,research_oos_a,2025-04-04T15:30:00Z,-8.066629244929402e-05,0.3357229064576541,1.0,0.9412978550661658
222837,research_oos_a,2025-04-04T15:35:00Z,-0.0028194331858099053,-1.3122263006476782,1.0,0.9737210031691964
222838,research_oos_a,2025-04-04T15:40:00Z,0.0008151542763215058,2.0207943620306708,1.0,0.9946856212602324
222839,research_oos_a,2025-04-04T15:45:00Z,-0.00956583642530695,-1.4947200152445137,1.0,0.9709683694361673
222840,research_oos_a,2025-04-04T15:50:00Z,-0.005928112897000681,-1.7679763484220428,1.0,0.9325478559007259
222841,research_oos_a,2025-04-04T15:55:00Z,-0.005190123226578414,-1.4003147318726619,1.0,0.9304592047448443
222842,research_oos_a,2025-04-04T16:00:00Z,-0.0007919048250185634,-1.7334714195035912,1.0,0.8682624596314346
222843,research_oos_a,2025-04-04T16:05:00Z,-0.005754881441807469,-2.771742800143238,1.0,0.8854967467069879
222844,research_oos_a,2025-04-04T16:10:00Z,-0.010179619491163194,-2.542894978099249,1.0,0.8350163545820729
222845,research_oos_a,2025-04-04T16:15:00Z,-0.010397097162449742,-1.8799460659577156,1.0,0.839653204213282
222846,research_oos_a,2025-04-04T16:20:00Z,-0.009211375243332487,-2.2158310348736237,1.0,0.8183382688494649
222847,research_oos_a,2025-04-04T16:25:00Z,-0.011145538007589995,-2.0133801973080168,1.0,0.8050365089908079
222848,research_oos_a,2025-04-04T16:30:00Z,-0.013020033559884792,-1.6776985478366333,1.0,0.8662642155922782
222849,research_oos_a,2025-04-04T16:35:00Z,-0.015756179283601734,-2.4738849503013216,1.0,0.9566382685566495
222850,research_oos_a,2025-04-04T16:40:00Z,-0.0114993763012321,-1.3735668977899698,1.0,0.9209978038098604
222851,research_oos_a,2025-04-04T16:45:00Z,-0.010182032899590854,0.14917851397966286,1.0,0.8233726733548473
222852,research_oos_a,2025-04-04T16:50:00Z,-0.02167264872680863,-2.7914873675815364,1.0,0.9209793053937982
222853,research_oos_a,2025-04-04T16:55:00Z,-0.016206126306252844,-3.3476756311563287,1.0,0.7916300149181581
222854,research_oos_a,2025-04-04T17:00:00Z,-0.01877269581461849,-5.507737887242723,1.0,0.858191661941356
222855,research_oos_a,2025-04-04T17:05:00Z,-0.005571732790535022,-4.716863784665589,1.0,0.7053985318133346
222856,research_oos_a,2025-04-04T17:10:00Z,-0.004189717480864497,-3.739959617897067,1.0,0.9294269314700767
222857,research_oos_a,2025-04-04T17:15:00Z,0.004978839232018917,-2.269003862314844,1.0,0.8229192516729721
222858,research_oos_a,2025-04-04T17:20:00Z,0.0013029268500439617,-2.4745430531293953,1.0,0.8695262122832246
222859,research_oos_a,2025-04-04T17:25:00Z,0.0074850845997123105,-1.641701972178988,1.0,0.9361031092874464
222860,research_oos_a,2025-04-04T17:30:00Z,0.00136698117568268,-0.3482628714943705,1.0,0.9522778471353569
222861,research_oos_a,2025-04-04T17:35:00Z,0.003353987160279459,0.4753315649867158,1.0,0.9454909926777247
222862,research_oos_a,2025-04-04T17:40:00Z,-0.0015305440034222295,0.09142201567618669,1.0,0.8091082285140859
222863,research_oos_a,2025-04-04T17:45:00Z,0.004534669962961813,1.1924713348236615,1.0,0.8494852936934066
222864,research_oos_a,2025-04-04T17:50:00Z,0.016365100254770892,3.968522824949843,1.0,0.9659987524200659
222865,research_oos_a,2025-04-04T17:55:00Z,0.008342585861381036,3.132141660590037,1.0,0.9721311100745524
222866,research_oos_a,2025-04-04T18:00:00Z,0.001407244594721524,2.6785366339463197,1.0,0.8549795173441982
222867,research_oos_a,2025-04-04T18:05:00Z,-0.007966564713439706,-1.0623472875774118,1.0,0.9368569162374907
222868,research_oos_a,2025-04-04T18:10:00Z,-0.004011223333204139,0.45079680987014137,1.0,0.8880042924041329
222869,research_oos_a,2025-04-04T18:15:00Z,-0.008638403410927364,-1.8688341803550244,1.0,0.8091288013852742
222870,research_oos_a,2025-04-04T18:20:00Z,-0.013390091276488492,-1.5656340592730942,1.0,0.6884872016119352
222871,research_oos_a,2025-04-04T18:25:00Z,-0.018371570733056286,-3.405507493120598,1.0,0.5099201018103394
222872,research_oos_a,2025-04-04T18:30:00Z,-0.009978006166379672,-1.19370402282421,1.0,0.9716842200823037
222873,research_oos_a,2025-04-04T18:35:00Z,-0.01235875407993725,-1.3184863730656255,1.0,0.8436809632577883
222874,research_oos_a,2025-04-04T18:40:00Z,-0.0030946067927608567,-0.07856659610222394,1.0,0.9424530005442434
222875,research_oos_a,2025-04-04T18:45:00Z,-0.009542810523065604,-1.1556517793891545,1.0,0.8748706010120446
222876,research_oos_a,2025-04-04T18:50:00Z,-0.015211239475054317,-2.581062352015741,1.0,0.9028743259002416
222877,research_oos_a,2025-04-04T18:55:00Z,-0.011655083753516204,-1.98176001378375,1.0,0.7829259130788745
222878,research_oos_a,2025-04-04T19:00:00Z,-0.0073991150432480834,-0.7002208750411204,1.0,0.8601278778618856
222879,research_oos_a,2025-04-04T19:05:00Z,-0.00788275647725678,-1.1456878235452934,1.0,0.4831517036695102
222880,research_oos_a,2025-04-04T19:10:00Z,-0.009182625062839622,-1.2015480961041054,1.0,0.40917252477507526
222881,research_oos_a,2025-04-04T19:15:00Z,-0.01482310253025998,-2.419774685848702,1.0,0.2580171302250521
222882,research_oos_a,2025-04-04T19:20:00Z,-0.007735795112897015,-1.3722240327761908,1.0,0.8384750228323131
222883,research_oos_a,2025-04-04T19:25:00Z,-0.004160555997959725,-0.9525441710531777,1.0,0.3455295511739673
222884,research_oos_a,2025-04-04T19:30:00Z,-0.0026940629403156002,-0.6006005537269352,1.0,0.21135641388387624
222885,research_oos_a,2025-04-04T19:35:00Z,0.00039221968406932817,0.25772181860282906,1.0,0.24195508816500377
222886,research_oos_a,2025-04-04T19:40:00Z,-0.0011481336166718759,-1.5876262641436976,1.0,0.3146160292183533
